Hostname,Hostname,IP address,MAC address
HG834D3.cajacopieps.local,192.168.52.2,192.168.52.2,74:78:27:83:43:99
MJ06WH7E.cajacopieps.local,192.168.52.3,192.168.52.3,6c:4b:90:5a:6f:3e
Nombre del PC no encontrado,192.168.52.1,192.168.52.1,00:6c:bc:cf:40:68
PF19TBBR.cajacopieps.local,192.168.52.5,192.168.52.5,00:e0:4c:68:75:67
99GYP63.cajacopieps.local,192.168.52.7,192.168.52.7,a4:bb:6d:70:5a:83
MJ04EXV3.cajacopieps.local,192.168.52.8,192.168.52.8,4c:cc:6a:58:06:09
3GGYP63.cajacopieps.local,192.168.52.6,192.168.52.6,8c:04:ba:a7:d2:3c
3MF4S63.cajacopieps.local,192.168.52.9,192.168.52.9,a4:bb:6d:6e:24:b7
MJ06WHDS.cajacopieps.local,192.168.52.4,192.168.52.4,6c:4b:90:5a:6c:44
MP1YRG14.cajacopieps.local,192.168.52.11,192.168.52.11,7c:8a:e1:6f:4a:44
R90QF3JU.cajacopieps.local,192.168.52.12,192.168.52.12,54:ee:75:fb:07:b5
MP1YRERP.cajacopieps.local,192.168.52.14,192.168.52.14,7c:8a:e1:6f:49:ca
R90TE5E7.cajacopieps.local,192.168.52.16,192.168.52.16,48:2a:e3:71:76:71
PF1HP9SM.cajacopieps.local,192.168.52.19,192.168.52.19,00:e0:4c:68:09:a2
MJ04EXT9.cajacopieps.local,192.168.52.20,192.168.52.20,4c:cc:6a:57:d3:14
R90TE5EW.cajacopieps.local,192.168.52.34,192.168.52.34,48:2a:e3:35:ca:8e
MJ06AZND.cajacopieps.local,192.168.52.36,192.168.52.36,6c:4b:90:33:54:e4
Nombre del PC no encontrado,192.168.52.35,192.168.52.35,00:17:61:12:3c:c2
MJ06AZQY.cajacopieps.local,192.168.52.41,192.168.52.41,6c:4b:90:33:57:61
sistemasyordis.red,192.168.52.54,192.168.52.54,7c:8a:e1:6f:ea:b5
P001EEDGARDOHE.cajacopieps.local,192.168.52.55,192.168.52.55,48:2a:e3:35:cc:35
Nombre del PC no encontrado,192.168.52.60,192.168.52.60,00:17:61:12:ca:c0
Nombre del PC no encontrado,192.168.52.64,192.168.52.64,00:6c:bc:cf:40:68
Nombre del PC no encontrado,192.168.52.65,192.168.52.65,00:6c:bc:cf:40:68
Nombre del PC no encontrado,192.168.52.66,192.168.52.66,00:6c:bc:cf:40:68
Nombre del PC no encontrado,192.168.52.67,192.168.52.67,00:6c:bc:cf:40:68
Nombre del PC no encontrado,192.168.52.68,192.168.52.68,00:6c:bc:cf:40:68
Nombre del PC no encontrado,192.168.52.69,192.168.52.69,00:6c:bc:cf:40:68
Nombre del PC no encontrado,192.168.52.70,192.168.52.70,00:6c:bc:cf:40:68
Nombre del PC no encontrado,192.168.52.71,192.168.52.71,00:6c:bc:cf:40:68
Nombre del PC no encontrado,192.168.52.72,192.168.52.72,00:6c:bc:cf:40:68
Nombre del PC no encontrado,192.168.52.73,192.168.52.73,00:6c:bc:cf:40:68
Nombre del PC no encontrado,192.168.52.74,192.168.52.74,00:6c:bc:cf:40:68
Nombre del PC no encontrado,192.168.52.75,192.168.52.75,00:6c:bc:cf:40:68
Nombre del PC no encontrado,192.168.52.76,192.168.52.76,00:6c:bc:cf:40:68
Nombre del PC no encontrado,192.168.52.77,192.168.52.77,00:6c:bc:cf:40:68
Nombre del PC no encontrado,192.168.52.78,192.168.52.78,00:6c:bc:cf:40:68
Nombre del PC no encontrado,192.168.52.79,192.168.52.79,00:6c:bc:cf:40:68
Nombre del PC no encontrado,192.168.52.80,192.168.52.80,00:6c:bc:cf:40:68
Nombre del PC no encontrado,192.168.52.81,192.168.52.81,00:6c:bc:cf:40:68
Nombre del PC no encontrado,192.168.52.82,192.168.52.82,00:6c:bc:cf:40:68
Nombre del PC no encontrado,192.168.52.83,192.168.52.83,00:6c:bc:cf:40:68
Nombre del PC no encontrado,192.168.52.84,192.168.52.84,00:6c:bc:cf:40:68
Nombre del PC no encontrado,192.168.52.85,192.168.52.85,00:6c:bc:cf:40:68
Nombre del PC no encontrado,192.168.52.86,192.168.52.86,00:6c:bc:cf:40:68
Nombre del PC no encontrado,192.168.52.87,192.168.52.87,00:6c:bc:cf:40:68
Nombre del PC no encontrado,192.168.52.88,192.168.52.88,00:6c:bc:cf:40:68
Nombre del PC no encontrado,192.168.52.89,192.168.52.89,00:6c:bc:cf:40:68
Nombre del PC no encontrado,192.168.52.90,192.168.52.90,00:6c:bc:cf:40:68
Nombre del PC no encontrado,192.168.52.91,192.168.52.91,00:6c:bc:cf:40:68
Nombre del PC no encontrado,192.168.52.92,192.168.52.92,00:6c:bc:cf:40:68
Nombre del PC no encontrado,192.168.52.93,192.168.52.93,00:6c:bc:cf:40:68
Nombre del PC no encontrado,192.168.52.94,192.168.52.94,00:6c:bc:cf:40:68
Nombre del PC no encontrado,192.168.52.95,192.168.52.95,00:6c:bc:cf:40:68
Nombre del PC no encontrado,192.168.52.96,192.168.52.96,00:6c:bc:cf:40:68
Nombre del PC no encontrado,192.168.52.97,192.168.52.97,00:6c:bc:cf:40:68
Nombre del PC no encontrado,192.168.52.98,192.168.52.98,00:6c:bc:cf:40:68
Nombre del PC no encontrado,192.168.52.99,192.168.52.99,00:6c:bc:cf:40:68
Nombre del PC no encontrado,192.168.52.100,192.168.52.100,00:6c:bc:cf:40:68
Nombre del PC no encontrado,192.168.52.101,192.168.52.101,00:6c:bc:cf:40:68
Nombre del PC no encontrado,192.168.52.102,192.168.52.102,00:6c:bc:cf:40:68
Nombre del PC no encontrado,192.168.52.103,192.168.52.103,00:6c:bc:cf:40:68
Nombre del PC no encontrado,192.168.52.104,192.168.52.104,00:6c:bc:cf:40:68
c009ecartcont.cajacopieps.local,192.168.52.105,192.168.52.105,00:6c:bc:cf:40:68
Nombre del PC no encontrado,192.168.52.106,192.168.52.106,00:6c:bc:cf:40:68
Nombre del PC no encontrado,192.168.52.107,192.168.52.107,00:6c:bc:cf:40:68
Nombre del PC no encontrado,192.168.52.108,192.168.52.108,00:6c:bc:cf:40:68
Nombre del PC no encontrado,192.168.52.109,192.168.52.109,00:6c:bc:cf:40:68
Nombre del PC no encontrado,192.168.52.110,192.168.52.110,00:6c:bc:cf:40:68
Nombre del PC no encontrado,192.168.52.111,192.168.52.111,00:6c:bc:cf:40:68
Nombre del PC no encontrado,192.168.52.112,192.168.52.112,00:6c:bc:cf:40:68
Nombre del PC no encontrado,192.168.52.113,192.168.52.113,00:6c:bc:cf:40:68
Nombre del PC no encontrado,192.168.52.114,192.168.52.114,00:6c:bc:cf:40:68
Nombre del PC no encontrado,192.168.52.115,192.168.52.115,00:6c:bc:cf:40:68
Nombre del PC no encontrado,192.168.52.116,192.168.52.116,00:6c:bc:cf:40:68
Nombre del PC no encontrado,192.168.52.117,192.168.52.117,00:6c:bc:cf:40:68
Nombre del PC no encontrado,192.168.52.118,192.168.52.118,00:6c:bc:cf:40:68
Nombre del PC no encontrado,192.168.52.119,192.168.52.119,00:6c:bc:cf:40:68
Nombre del PC no encontrado,192.168.52.120,192.168.52.120,00:6c:bc:cf:40:68
Nombre del PC no encontrado,192.168.52.121,192.168.52.121,00:6c:bc:cf:40:68
Nombre del PC no encontrado,192.168.52.122,192.168.52.122,00:6c:bc:cf:40:68
Nombre del PC no encontrado,192.168.52.123,192.168.52.123,00:6c:bc:cf:40:68
Nombre del PC no encontrado,192.168.52.124,192.168.52.124,00:6c:bc:cf:40:68
Nombre del PC no encontrado,192.168.52.125,192.168.52.125,00:6c:bc:cf:40:68
Nombre del PC no encontrado,192.168.52.126,192.168.52.126,00:6c:bc:cf:40:68
Nombre del PC no encontrado,192.168.52.127,192.168.52.127,00:6c:bc:cf:40:68
Nombre del PC no encontrado,192.168.52.128,192.168.52.128,00:6c:bc:cf:40:68
Nombre del PC no encontrado,192.168.52.129,192.168.52.129,00:6c:bc:cf:40:68
Nombre del PC no encontrado,192.168.52.130,192.168.52.130,00:6c:bc:cf:40:68
Nombre del PC no encontrado,192.168.52.131,192.168.52.131,00:6c:bc:cf:40:68
Nombre del PC no encontrado,192.168.52.132,192.168.52.132,00:6c:bc:cf:40:68
Nombre del PC no encontrado,192.168.52.133,192.168.52.133,00:6c:bc:cf:40:68
Nombre del PC no encontrado,192.168.52.134,192.168.52.134,00:6c:bc:cf:40:68
Nombre del PC no encontrado,192.168.52.135,192.168.52.135,00:6c:bc:cf:40:68
Nombre del PC no encontrado,192.168.52.136,192.168.52.136,00:6c:bc:cf:40:68
Nombre del PC no encontrado,192.168.52.137,192.168.52.137,00:6c:bc:cf:40:68
Nombre del PC no encontrado,192.168.52.138,192.168.52.138,00:6c:bc:cf:40:68
Nombre del PC no encontrado,192.168.52.139,192.168.52.139,00:6c:bc:cf:40:68
Nombre del PC no encontrado,192.168.52.140,192.168.52.140,00:6c:bc:cf:40:68
Nombre del PC no encontrado,192.168.52.141,192.168.52.141,00:6c:bc:cf:40:68
Nombre del PC no encontrado,192.168.52.142,192.168.52.142,00:6c:bc:cf:40:68
Nombre del PC no encontrado,192.168.52.143,192.168.52.143,00:6c:bc:cf:40:68
Nombre del PC no encontrado,192.168.52.144,192.168.52.144,00:6c:bc:cf:40:68
Nombre del PC no encontrado,192.168.52.145,192.168.52.145,00:6c:bc:cf:40:68
Nombre del PC no encontrado,192.168.52.146,192.168.52.146,00:6c:bc:cf:40:68
Nombre del PC no encontrado,192.168.52.147,192.168.52.147,00:6c:bc:cf:40:68
Nombre del PC no encontrado,192.168.52.148,192.168.52.148,00:6c:bc:cf:40:68
Nombre del PC no encontrado,192.168.52.149,192.168.52.149,00:6c:bc:cf:40:68
Nombre del PC no encontrado,192.168.52.150,192.168.52.150,00:6c:bc:cf:40:68
Nombre del PC no encontrado,192.168.52.151,192.168.52.151,00:6c:bc:cf:40:68
Nombre del PC no encontrado,192.168.52.152,192.168.52.152,00:6c:bc:cf:40:68
Nombre del PC no encontrado,192.168.52.153,192.168.52.153,00:6c:bc:cf:40:68
Nombre del PC no encontrado,192.168.52.154,192.168.52.154,00:6c:bc:cf:40:68
Nombre del PC no encontrado,192.168.52.155,192.168.52.155,00:6c:bc:cf:40:68
Nombre del PC no encontrado,192.168.52.156,192.168.52.156,00:6c:bc:cf:40:68
Nombre del PC no encontrado,192.168.52.157,192.168.52.157,00:6c:bc:cf:40:68
Nombre del PC no encontrado,192.168.52.158,192.168.52.158,00:6c:bc:cf:40:68
Nombre del PC no encontrado,192.168.52.159,192.168.52.159,00:6c:bc:cf:40:68
Nombre del PC no encontrado,192.168.52.160,192.168.52.160,00:6c:bc:cf:40:68
Nombre del PC no encontrado,192.168.52.161,192.168.52.161,00:6c:bc:cf:40:68
Nombre del PC no encontrado,192.168.52.162,192.168.52.162,00:6c:bc:cf:40:68
Nombre del PC no encontrado,192.168.52.163,192.168.52.163,00:6c:bc:cf:40:68
Nombre del PC no encontrado,192.168.52.164,192.168.52.164,00:6c:bc:cf:40:68
Nombre del PC no encontrado,192.168.52.165,192.168.52.165,00:6c:bc:cf:40:68
Nombre del PC no encontrado,192.168.52.166,192.168.52.166,00:6c:bc:cf:40:68
Nombre del PC no encontrado,192.168.52.167,192.168.52.167,00:6c:bc:cf:40:68
Nombre del PC no encontrado,192.168.52.168,192.168.52.168,00:6c:bc:cf:40:68
Nombre del PC no encontrado,192.168.52.169,192.168.52.169,00:6c:bc:cf:40:68
Nombre del PC no encontrado,192.168.52.170,192.168.52.170,00:6c:bc:cf:40:68
Nombre del PC no encontrado,192.168.52.171,192.168.52.171,00:6c:bc:cf:40:68
Nombre del PC no encontrado,192.168.52.172,192.168.52.172,00:6c:bc:cf:40:68
Nombre del PC no encontrado,192.168.52.173,192.168.52.173,00:6c:bc:cf:40:68
Nombre del PC no encontrado,192.168.52.174,192.168.52.174,00:6c:bc:cf:40:68
Nombre del PC no encontrado,192.168.52.175,192.168.52.175,00:6c:bc:cf:40:68
Nombre del PC no encontrado,192.168.52.176,192.168.52.176,00:6c:bc:cf:40:68
Nombre del PC no encontrado,192.168.52.177,192.168.52.177,00:6c:bc:cf:40:68
Nombre del PC no encontrado,192.168.52.178,192.168.52.178,00:6c:bc:cf:40:68
Nombre del PC no encontrado,192.168.52.179,192.168.52.179,00:6c:bc:cf:40:68
Nombre del PC no encontrado,192.168.52.180,192.168.52.180,00:6c:bc:cf:40:68
Nombre del PC no encontrado,192.168.52.181,192.168.52.181,00:6c:bc:cf:40:68
Nombre del PC no encontrado,192.168.52.182,192.168.52.182,00:6c:bc:cf:40:68
Nombre del PC no encontrado,192.168.52.183,192.168.52.183,00:6c:bc:cf:40:68
Nombre del PC no encontrado,192.168.52.184,192.168.52.184,00:6c:bc:cf:40:68
Nombre del PC no encontrado,192.168.52.185,192.168.52.185,00:6c:bc:cf:40:68
Nombre del PC no encontrado,192.168.52.186,192.168.52.186,00:6c:bc:cf:40:68
Nombre del PC no encontrado,192.168.52.187,192.168.52.187,00:6c:bc:cf:40:68
Nombre del PC no encontrado,192.168.52.188,192.168.52.188,00:6c:bc:cf:40:68
Nombre del PC no encontrado,192.168.52.189,192.168.52.189,00:6c:bc:cf:40:68
Nombre del PC no encontrado,192.168.52.190,192.168.52.190,00:6c:bc:cf:40:68
Nombre del PC no encontrado,192.168.52.191,192.168.52.191,00:6c:bc:cf:40:68
Nombre del PC no encontrado,192.168.52.192,192.168.52.192,00:6c:bc:cf:40:68
Nombre del PC no encontrado,192.168.52.193,192.168.52.193,00:6c:bc:cf:40:68
Nombre del PC no encontrado,192.168.52.194,192.168.52.194,00:6c:bc:cf:40:68
Nombre del PC no encontrado,192.168.52.195,192.168.52.195,00:6c:bc:cf:40:68
Nombre del PC no encontrado,192.168.52.196,192.168.52.196,00:6c:bc:cf:40:68
Nombre del PC no encontrado,192.168.52.197,192.168.52.197,00:6c:bc:cf:40:68
Nombre del PC no encontrado,192.168.52.198,192.168.52.198,00:6c:bc:cf:40:68
Nombre del PC no encontrado,192.168.52.199,192.168.52.199,00:6c:bc:cf:40:68
Nombre del PC no encontrado,192.168.52.200,192.168.52.200,00:6c:bc:cf:40:68
Nombre del PC no encontrado,192.168.52.201,192.168.52.201,00:6c:bc:cf:40:68
Nombre del PC no encontrado,192.168.52.202,192.168.52.202,00:6c:bc:cf:40:68
Nombre del PC no encontrado,192.168.52.203,192.168.52.203,00:6c:bc:cf:40:68
Nombre del PC no encontrado,192.168.52.204,192.168.52.204,00:6c:bc:cf:40:68
Nombre del PC no encontrado,192.168.52.205,192.168.52.205,00:6c:bc:cf:40:68
Nombre del PC no encontrado,192.168.52.206,192.168.52.206,00:6c:bc:cf:40:68
Nombre del PC no encontrado,192.168.52.207,192.168.52.207,00:6c:bc:cf:40:68
Nombre del PC no encontrado,192.168.52.208,192.168.52.208,00:6c:bc:cf:40:68
Nombre del PC no encontrado,192.168.52.209,192.168.52.209,00:6c:bc:cf:40:68
Nombre del PC no encontrado,192.168.52.210,192.168.52.210,00:6c:bc:cf:40:68
Nombre del PC no encontrado,192.168.52.211,192.168.52.211,00:6c:bc:cf:40:68
Nombre del PC no encontrado,192.168.52.212,192.168.52.212,00:6c:bc:cf:40:68
Nombre del PC no encontrado,192.168.52.213,192.168.52.213,00:6c:bc:cf:40:68
Nombre del PC no encontrado,192.168.52.214,192.168.52.214,00:6c:bc:cf:40:68
Nombre del PC no encontrado,192.168.52.215,192.168.52.215,00:6c:bc:cf:40:68
Nombre del PC no encontrado,192.168.52.216,192.168.52.216,00:6c:bc:cf:40:68
Nombre del PC no encontrado,192.168.52.217,192.168.52.217,00:6c:bc:cf:40:68
Nombre del PC no encontrado,192.168.52.218,192.168.52.218,00:6c:bc:cf:40:68
Nombre del PC no encontrado,192.168.52.219,192.168.52.219,00:6c:bc:cf:40:68
Nombre del PC no encontrado,192.168.52.220,192.168.52.220,00:6c:bc:cf:40:68
Nombre del PC no encontrado,192.168.52.221,192.168.52.221,00:6c:bc:cf:40:68
Nombre del PC no encontrado,192.168.52.222,192.168.52.222,00:6c:bc:cf:40:68
Nombre del PC no encontrado,192.168.52.223,192.168.52.223,00:6c:bc:cf:40:68
Nombre del PC no encontrado,192.168.52.224,192.168.52.224,00:6c:bc:cf:40:68
Nombre del PC no encontrado,192.168.52.225,192.168.52.225,00:6c:bc:cf:40:68
Nombre del PC no encontrado,192.168.52.226,192.168.52.226,00:6c:bc:cf:40:68
Nombre del PC no encontrado,192.168.52.227,192.168.52.227,00:6c:bc:cf:40:68
Nombre del PC no encontrado,192.168.52.228,192.168.52.228,00:6c:bc:cf:40:68
Nombre del PC no encontrado,192.168.52.229,192.168.52.229,00:6c:bc:cf:40:68
Nombre del PC no encontrado,192.168.52.230,192.168.52.230,00:6c:bc:cf:40:68
